,opening time,closing time,drift rate,result,trade duration (min)
1,2021-01-03 04:05:00,2021-01-03 04:20:00,52.20153254455275,loss,15.0
441,2021-07-16 07:35:00,2021-07-16 08:00:00,55.90169943749474,loss,25.0
438,2021-07-15 01:05:00,2021-07-15 01:25:00,53.85164807134504,loss,20.0
432,2021-07-12 07:30:00,2021-07-12 07:50:00,53.85164807134504,loss,20.0
427,2021-07-08 03:25:00,2021-07-08 03:35:00,50.99019513592785,loss,10.0
425,2021-07-07 09:35:00,2021-07-07 10:10:00,61.032778078668514,loss,35.0
423,2021-07-06 19:00:00,2021-07-06 19:45:00,67.26812023536856,loss,45.0
420,2021-07-05 08:35:00,2021-07-05 09:05:00,58.309518948453004,loss,30.0
414,2021-07-03 10:50:00,2021-07-03 11:25:00,61.032778078668514,loss,35.0
413,2021-07-02 12:15:00,2021-07-02 12:35:00,53.85164807134504,loss,20.0
412,2021-07-02 06:40:00,2021-07-02 06:50:00,50.99019513592785,loss,10.0
411,2021-07-01 22:30:00,2021-07-01 23:00:00,58.309518948453004,loss,30.0
408,2021-06-30 12:00:00,2021-06-30 12:15:00,52.20153254455275,loss,15.0
406,2021-06-29 19:15:00,2021-06-29 20:55:00,111.80339887498948,loss,100.0
405,2021-06-29 16:00:00,2021-06-29 16:10:00,50.99019513592785,loss,10.0
403,2021-06-29 04:55:00,2021-06-29 05:15:00,53.85164807134504,loss,20.0
402,2021-06-28 16:00:00,2021-06-28 16:05:00,50.24937810560445,loss,5.0
401,2021-06-28 02:30:00,2021-06-28 02:55:00,55.90169943749474,loss,25.0
397,2021-06-26 11:25:00,2021-06-26 11:45:00,53.85164807134504,loss,20.0
395,2021-06-25 20:05:00,2021-06-25 20:10:00,50.24937810560445,loss,5.0
783,2021-12-31 12:15:00,2021-12-31 16:55:00,284.42925306655786,loss,280.0
391,2021-06-25 00:10:00,2021-06-25 00:20:00,50.99019513592785,loss,10.0
390,2021-06-24 17:25:00,2021-06-24 17:30:00,50.24937810560445,loss,5.0
388,2021-06-24 05:45:00,2021-06-24 05:55:00,50.99019513592785,loss,10.0
385,2021-06-23 09:30:00,2021-06-23 09:40:00,50.99019513592785,loss,10.0
384,2021-06-23 02:45:00,2021-06-23 03:00:00,52.20153254455275,loss,15.0
383,2021-06-23 00:00:00,2021-06-23 00:05:00,50.24937810560445,loss,5.0
382,2021-06-22 00:05:00,2021-06-22 00:10:00,50.24937810560445,loss,5.0
444,2021-07-19 05:25:00,2021-07-19 05:50:00,55.90169943749474,loss,25.0
381,2021-06-21 11:00:00,2021-06-21 11:05:00,50.24937810560445,loss,5.0
448,2021-07-20 17:00:00,2021-07-20 18:15:00,90.13878188659973,loss,75.0
452,2021-07-23 00:05:00,2021-07-23 00:15:00,50.99019513592785,loss,10.0
509,2021-08-14 01:05:00,2021-08-14 02:45:00,111.80339887498948,loss,100.0
507,2021-08-13 12:40:00,2021-08-13 14:35:00,125.39936203984452,loss,115.0
506,2021-08-13 08:50:00,2021-08-13 09:00:00,50.99019513592785,loss,10.0
505,2021-08-12 22:40:00,2021-08-12 23:15:00,61.032778078668514,loss,35.0
500,2021-08-10 19:50:00,2021-08-10 20:05:00,52.20153254455275,loss,15.0
498,2021-08-09 14:10:00,2021-08-09 14:15:00,50.24937810560445,loss,5.0
497,2021-08-09 00:25:00,2021-08-09 00:30:00,50.24937810560445,loss,5.0
496,2021-08-08 18:05:00,2021-08-08 18:15:00,50.99019513592785,loss,10.0
495,2021-08-08 00:15:00,2021-08-08 00:30:00,52.20153254455275,loss,15.0
494,2021-08-07 12:25:00,2021-08-07 12:35:00,50.99019513592785,loss,10.0
491,2021-08-06 18:05:00,2021-08-06 18:15:00,50.99019513592785,loss,10.0
488,2021-08-05 22:10:00,2021-08-05 22:25:00,52.20153254455275,loss,15.0
486,2021-08-05 10:35:00,2021-08-05 11:10:00,61.032778078668514,loss,35.0
485,2021-08-04 22:05:00,2021-08-04 22:40:00,61.032778078668514,loss,35.0
483,2021-08-04 04:10:00,2021-08-04 04:50:00,64.03124237432849,loss,40.0
480,2021-08-03 02:00:00,2021-08-03 02:10:00,50.99019513592785,loss,10.0
479,2021-08-02 16:05:00,2021-08-02 16:20:00,52.20153254455275,loss,15.0
478,2021-08-02 11:10:00,2021-08-02 11:35:00,55.90169943749474,loss,25.0
474,2021-07-31 23:20:00,2021-07-31 23:45:00,55.90169943749474,loss,25.0
469,2021-07-28 14:15:00,2021-07-28 14:35:00,53.85164807134504,loss,20.0
467,2021-07-28 05:25:00,2021-07-28 05:40:00,52.20153254455275,loss,15.0
465,2021-07-27 20:05:00,2021-07-27 20:15:00,50.99019513592785,loss,10.0
464,2021-07-27 12:50:00,2021-07-27 13:20:00,58.309518948453004,loss,30.0
463,2021-07-27 09:45:00,2021-07-27 10:05:00,53.85164807134504,loss,20.0
462,2021-07-27 00:15:00,2021-07-27 00:20:00,50.24937810560445,loss,5.0
460,2021-07-26 07:50:00,2021-07-26 08:05:00,52.20153254455275,loss,15.0
454,2021-07-24 02:15:00,2021-07-24 03:15:00,78.10249675906654,loss,60.0
451,2021-07-22 08:15:00,2021-07-22 09:35:00,94.33981132056604,loss,80.0
374,2021-06-16 03:30:00,2021-06-16 03:50:00,53.85164807134504,loss,20.0
373,2021-06-15 04:55:00,2021-06-15 05:15:00,53.85164807134504,loss,20.0
372,2021-06-14 14:20:00,2021-06-14 14:40:00,53.85164807134504,loss,20.0
307,2021-05-13 10:25:00,2021-05-13 10:30:00,50.24937810560445,loss,5.0
305,2021-05-12 06:55:00,2021-05-12 07:00:00,50.24937810560445,loss,5.0
304,2021-05-11 22:30:00,2021-05-11 23:20:00,70.71067811865476,loss,50.0
302,2021-05-11 07:10:00,2021-05-11 08:05:00,74.33034373659252,loss,55.0
296,2021-05-09 10:15:00,2021-05-09 10:50:00,61.032778078668514,loss,35.0
295,2021-05-08 19:15:00,2021-05-08 19:30:00,52.20153254455275,loss,15.0
292,2021-05-07 02:40:00,2021-05-07 02:50:00,50.99019513592785,loss,10.0
291,2021-05-06 20:35:00,2021-05-06 20:40:00,50.24937810560445,loss,5.0
290,2021-05-06 12:00:00,2021-05-06 12:15:00,52.20153254455275,loss,15.0
288,2021-05-06 02:30:00,2021-05-06 02:50:00,53.85164807134504,loss,20.0
287,2021-05-05 20:15:00,2021-05-05 20:20:00,50.24937810560445,loss,5.0
286,2021-05-05 14:00:00,2021-05-05 14:05:00,50.24937810560445,loss,5.0
285,2021-05-05 07:05:00,2021-05-05 07:20:00,52.20153254455275,loss,15.0
280,2021-05-02 16:05:00,2021-05-02 16:15:00,50.99019513592785,loss,10.0
279,2021-05-02 11:45:00,2021-05-02 12:00:00,52.20153254455275,loss,15.0
277,2021-05-01 06:55:00,2021-05-01 07:10:00,52.20153254455275,loss,15.0
274,2021-04-30 11:25:00,2021-04-30 11:45:00,53.85164807134504,loss,20.0
273,2021-04-30 00:20:00,2021-04-30 00:30:00,50.99019513592785,loss,10.0
271,2021-04-29 05:40:00,2021-04-29 05:55:00,52.20153254455275,loss,15.0
270,2021-04-28 16:55:00,2021-04-28 17:40:00,67.26812023536856,loss,45.0
269,2021-04-28 09:20:00,2021-04-28 09:50:00,58.309518948453004,loss,30.0
266,2021-04-27 00:05:00,2021-04-27 00:15:00,50.99019513592785,loss,10.0
263,2021-04-25 01:55:00,2021-04-25 03:20:00,98.6154146165801,loss,85.0
262,2021-04-24 18:45:00,2021-04-24 18:50:00,50.24937810560445,loss,5.0
260,2021-04-24 04:05:00,2021-04-24 04:15:00,50.99019513592785,loss,10.0
257,2021-04-23 09:40:00,2021-04-23 09:45:00,50.24937810560445,loss,5.0
256,2021-04-23 02:45:00,2021-04-23 02:50:00,50.24937810560445,loss,5.0
308,2021-05-13 16:00:00,2021-05-13 16:05:00,50.24937810560445,loss,5.0
312,2021-05-16 00:35:00,2021-05-16 00:45:00,50.99019513592785,loss,10.0
314,2021-05-17 05:20:00,2021-05-17 05:25:00,50.24937810560445,loss,5.0
319,2021-05-20 03:35:00,2021-05-20 03:40:00,50.24937810560445,loss,5.0
371,2021-06-14 07:20:00,2021-06-14 08:05:00,67.26812023536856,loss,45.0
370,2021-06-13 22:05:00,2021-06-13 22:15:00,50.99019513592785,loss,10.0
368,2021-06-13 04:00:00,2021-06-13 04:15:00,52.20153254455275,loss,15.0
366,2021-06-11 13:35:00,2021-06-11 14:10:00,61.032778078668514,loss,35.0
365,2021-06-10 08:00:00,2021-06-10 08:05:00,50.24937810560445,loss,5.0
362,2021-06-09 04:20:00,2021-06-09 04:35:00,52.20153254455275,loss,15.0
357,2021-06-05 18:05:00,2021-06-05 18:10:00,50.24937810560445,loss,5.0
353,2021-06-02 08:20:00,2021-06-02 08:25:00,50.24937810560445,loss,5.0
351,2021-06-01 04:40:00,2021-06-01 05:00:00,53.85164807134504,loss,20.0
348,2021-05-31 05:05:00,2021-05-31 05:20:00,52.20153254455275,loss,15.0
346,2021-05-29 15:35:00,2021-05-29 15:40:00,50.24937810560445,loss,5.0
345,2021-05-29 12:20:00,2021-05-29 12:25:00,50.24937810560445,loss,5.0
344,2021-05-29 03:05:00,2021-05-29 03:20:00,52.20153254455275,loss,15.0
511,2021-08-14 12:55:00,2021-08-14 13:40:00,67.26812023536856,loss,45.0
342,2021-05-28 18:05:00,2021-05-28 18:10:00,50.24937810560445,loss,5.0
338,2021-05-27 22:15:00,2021-05-27 22:30:00,52.20153254455275,loss,15.0
337,2021-05-27 14:55:00,2021-05-27 15:05:00,50.99019513592785,loss,10.0
335,2021-05-26 09:40:00,2021-05-26 09:45:00,50.24937810560445,loss,5.0
334,2021-05-26 05:10:00,2021-05-26 05:20:00,50.99019513592785,loss,10.0
333,2021-05-25 04:10:00,2021-05-25 04:20:00,50.99019513592785,loss,10.0
332,2021-05-24 19:55:00,2021-05-24 20:00:00,50.24937810560445,loss,5.0
330,2021-05-24 09:45:00,2021-05-24 09:50:00,50.24937810560445,loss,5.0
329,2021-05-24 06:15:00,2021-05-24 06:20:00,50.24937810560445,loss,5.0
328,2021-05-23 20:20:00,2021-05-23 20:25:00,50.24937810560445,loss,5.0
325,2021-05-23 06:40:00,2021-05-23 06:45:00,50.24937810560445,loss,5.0
324,2021-05-22 01:15:00,2021-05-22 01:20:00,50.24937810560445,loss,5.0
321,2021-05-20 13:20:00,2021-05-20 13:25:00,50.24937810560445,loss,5.0
320,2021-05-20 11:00:00,2021-05-20 11:05:00,50.24937810560445,loss,5.0
339,2021-05-28 03:25:00,2021-05-28 03:35:00,50.99019513592785,loss,10.0
255,2021-04-22 22:55:00,2021-04-22 23:00:00,50.24937810560445,loss,5.0
513,2021-08-15 22:50:00,2021-08-15 23:20:00,58.309518948453004,loss,30.0
516,2021-08-17 07:00:00,2021-08-17 07:20:00,53.85164807134504,loss,20.0
708,2021-11-24 08:15:00,2021-11-24 08:30:00,52.20153254455275,loss,15.0
705,2021-11-23 00:10:00,2021-11-23 00:25:00,52.20153254455275,loss,15.0
697,2021-11-18 08:50:00,2021-11-18 09:05:00,52.20153254455275,loss,15.0
696,2021-11-17 20:05:00,2021-11-17 20:20:00,52.20153254455275,loss,15.0
694,2021-11-17 00:25:00,2021-11-17 00:35:00,50.99019513592785,loss,10.0
692,2021-11-16 07:40:00,2021-11-16 07:55:00,52.20153254455275,loss,15.0
690,2021-11-15 20:40:00,2021-11-15 20:55:00,52.20153254455275,loss,15.0
689,2021-11-15 12:45:00,2021-11-15 13:25:00,64.03124237432849,loss,40.0
687,2021-11-14 19:05:00,2021-11-14 20:05:00,78.10249675906654,loss,60.0
686,2021-11-14 04:40:00,2021-11-14 05:25:00,67.26812023536856,loss,45.0
684,2021-11-13 12:25:00,2021-11-13 14:05:00,111.80339887498948,loss,100.0
683,2021-11-13 05:55:00,2021-11-13 06:35:00,64.03124237432849,loss,40.0
680,2021-11-12 08:25:00,2021-11-12 08:40:00,52.20153254455275,loss,15.0
677,2021-11-11 06:20:00,2021-11-11 06:35:00,52.20153254455275,loss,15.0
676,2021-11-10 07:55:00,2021-11-10 08:20:00,55.90169943749474,loss,25.0
675,2021-11-09 06:20:00,2021-11-09 07:55:00,107.35455276791944,loss,95.0
674,2021-11-09 02:20:00,2021-11-09 02:40:00,53.85164807134504,loss,20.0
673,2021-11-08 11:00:00,2021-11-08 11:50:00,70.71067811865476,loss,50.0
667,2021-11-05 20:05:00,2021-11-05 21:15:00,86.02325267042627,loss,70.0
666,2021-11-05 00:45:00,2021-11-05 01:25:00,64.03124237432849,loss,40.0
664,2021-11-03 21:40:00,2021-11-03 22:25:00,67.26812023536856,loss,45.0
662,2021-11-02 10:20:00,2021-11-02 10:40:00,53.85164807134504,loss,20.0
660,2021-11-01 06:05:00,2021-11-01 06:35:00,58.309518948453004,loss,30.0
659,2021-10-31 13:50:00,2021-10-31 14:05:00,52.20153254455275,loss,15.0
657,2021-10-31 02:30:00,2021-10-31 02:40:00,50.99019513592785,loss,10.0
655,2021-10-30 07:15:00,2021-10-30 07:35:00,53.85164807134504,loss,20.0
652,2021-10-28 01:00:00,2021-10-28 01:10:00,50.99019513592785,loss,10.0
709,2021-11-25 03:25:00,2021-11-25 04:25:00,78.10249675906654,loss,60.0
651,2021-10-27 14:05:00,2021-10-27 14:40:00,61.032778078668514,loss,35.0
711,2021-11-25 17:45:00,2021-11-25 19:25:00,111.80339887498948,loss,100.0
715,2021-11-27 18:45:00,2021-11-27 20:40:00,125.39936203984452,loss,115.0
782,2021-12-30 15:20:00,2021-12-30 15:35:00,52.20153254455275,loss,15.0
781,2021-12-30 13:45:00,2021-12-30 14:20:00,61.032778078668514,loss,35.0
777,2021-12-28 15:20:00,2021-12-28 15:35:00,52.20153254455275,loss,15.0
774,2021-12-27 07:50:00,2021-12-27 10:50:00,186.81541692269406,loss,180.0
772,2021-12-26 13:55:00,2021-12-26 15:20:00,98.6154146165801,loss,85.0
767,2021-12-23 21:50:00,2021-12-23 23:35:00,116.29703349613007,loss,105.0
763,2021-12-21 07:30:00,2021-12-21 07:45:00,52.20153254455275,loss,15.0
760,2021-12-20 04:25:00,2021-12-20 04:50:00,55.90169943749474,loss,25.0
758,2021-12-18 00:10:00,2021-12-18 00:20:00,50.99019513592785,loss,10.0
757,2021-12-17 12:10:00,2021-12-17 12:20:00,50.99019513592785,loss,10.0
755,2021-12-17 03:15:00,2021-12-17 04:10:00,74.33034373659252,loss,55.0
753,2021-12-16 07:25:00,2021-12-16 07:55:00,58.309518948453004,loss,30.0
752,2021-12-15 18:05:00,2021-12-15 18:25:00,53.85164807134504,loss,20.0
751,2021-12-15 09:55:00,2021-12-15 10:20:00,55.90169943749474,loss,25.0
750,2021-12-15 04:25:00,2021-12-15 05:15:00,70.71067811865476,loss,50.0
748,2021-12-13 15:35:00,2021-12-13 15:40:00,50.24937810560445,loss,5.0
744,2021-12-12 04:20:00,2021-12-12 04:50:00,58.309518948453004,loss,30.0
743,2021-12-11 18:40:00,2021-12-11 19:40:00,78.10249675906654,loss,60.0
737,2021-12-09 11:35:00,2021-12-09 11:50:00,52.20153254455275,loss,15.0
734,2021-12-07 11:20:00,2021-12-07 12:10:00,70.71067811865476,loss,50.0
733,2021-12-07 00:15:00,2021-12-07 00:20:00,50.24937810560445,loss,5.0
731,2021-12-06 08:35:00,2021-12-06 08:45:00,50.99019513592785,loss,10.0
727,2021-12-04 13:20:00,2021-12-04 13:30:00,50.99019513592785,loss,10.0
726,2021-12-04 04:45:00,2021-12-04 04:50:00,50.24937810560445,loss,5.0
723,2021-12-02 12:10:00,2021-12-02 12:30:00,53.85164807134504,loss,20.0
721,2021-12-01 01:55:00,2021-12-01 02:50:00,74.33034373659252,loss,55.0
716,2021-11-28 04:10:00,2021-11-28 05:15:00,82.00609733428362,loss,65.0
714,2021-11-26 23:45:00,2021-11-26 23:50:00,50.24937810560445,loss,5.0
649,2021-10-27 02:35:00,2021-10-27 03:20:00,67.26812023536856,loss,45.0
648,2021-10-26 15:10:00,2021-10-26 15:20:00,50.99019513592785,loss,10.0
647,2021-10-26 07:05:00,2021-10-26 08:05:00,78.10249675906654,loss,60.0
583,2021-09-19 12:55:00,2021-09-19 14:10:00,90.13878188659973,loss,75.0
582,2021-09-19 03:20:00,2021-09-19 04:20:00,78.10249675906654,loss,60.0
578,2021-09-15 03:50:00,2021-09-15 05:00:00,86.02325267042627,loss,70.0
572,2021-09-11 14:00:00,2021-09-11 16:10:00,139.2838827718412,loss,130.0
568,2021-09-09 01:40:00,2021-09-09 02:00:00,53.85164807134504,loss,20.0
567,2021-09-08 22:35:00,2021-09-08 22:50:00,52.20153254455275,loss,15.0
564,2021-09-07 00:00:00,2021-09-07 00:25:00,55.90169943749474,loss,25.0
559,2021-09-05 06:10:00,2021-09-05 06:50:00,64.03124237432849,loss,40.0
555,2021-09-04 04:20:00,2021-09-04 05:15:00,74.33034373659252,loss,55.0
554,2021-09-03 14:25:00,2021-09-03 14:40:00,52.20153254455275,loss,15.0
553,2021-09-02 19:30:00,2021-09-02 20:10:00,64.03124237432849,loss,40.0
552,2021-09-02 15:30:00,2021-09-02 16:05:00,61.032778078668514,loss,35.0
546,2021-08-31 00:40:00,2021-08-31 00:55:00,52.20153254455275,loss,15.0
544,2021-08-29 03:40:00,2021-08-29 03:55:00,52.20153254455275,loss,15.0
542,2021-08-28 08:15:00,2021-08-28 11:00:00,172.40939649566667,loss,165.0
541,2021-08-27 23:40:00,2021-08-28 00:20:00,64.03124237432849,loss,40.0
539,2021-08-27 03:55:00,2021-08-27 04:05:00,50.99019513592785,loss,10.0
535,2021-08-26 00:50:00,2021-08-26 01:15:00,55.90169943749474,loss,25.0
531,2021-08-23 12:25:00,2021-08-23 13:15:00,70.71067811865476,loss,50.0
527,2021-08-21 06:05:00,2021-08-21 07:25:00,94.33981132056604,loss,80.0
526,2021-08-20 23:45:00,2021-08-20 23:50:00,50.24937810560445,loss,5.0
524,2021-08-20 05:35:00,2021-08-20 07:40:00,134.6291201783626,loss,125.0
523,2021-08-19 20:05:00,2021-08-19 22:20:00,143.96180048887967,loss,135.0
522,2021-08-19 13:30:00,2021-08-19 13:35:00,50.24937810560445,loss,5.0
521,2021-08-19 07:30:00,2021-08-19 08:00:00,58.309518948453004,loss,30.0
520,2021-08-18 12:35:00,2021-08-18 12:55:00,53.85164807134504,loss,20.0
519,2021-08-18 06:00:00,2021-08-18 06:25:00,55.90169943749474,loss,25.0
585,2021-09-20 06:50:00,2021-09-20 07:05:00,52.20153254455275,loss,15.0
586,2021-09-20 17:35:00,2021-09-20 17:40:00,50.24937810560445,loss,5.0
588,2021-09-21 19:15:00,2021-09-21 19:20:00,50.24937810560445,loss,5.0
589,2021-09-21 23:20:00,2021-09-21 23:30:00,50.99019513592785,loss,10.0
644,2021-10-24 15:25:00,2021-10-24 15:35:00,50.99019513592785,loss,10.0
643,2021-10-24 09:50:00,2021-10-24 10:35:00,67.26812023536856,loss,45.0
642,2021-10-23 07:20:00,2021-10-23 08:20:00,78.10249675906654,loss,60.0
640,2021-10-21 17:00:00,2021-10-21 17:05:00,50.24937810560445,loss,5.0
638,2021-10-20 10:35:00,2021-10-20 11:05:00,58.309518948453004,loss,30.0
637,2021-10-19 18:00:00,2021-10-19 18:10:00,50.99019513592785,loss,10.0
636,2021-10-19 05:50:00,2021-10-19 06:20:00,58.309518948453004,loss,30.0
634,2021-10-18 03:20:00,2021-10-18 03:45:00,55.90169943749474,loss,25.0
633,2021-10-17 23:30:00,2021-10-17 23:45:00,52.20153254455275,loss,15.0
632,2021-10-17 10:35:00,2021-10-17 10:40:00,50.24937810560445,loss,5.0
631,2021-10-17 00:30:00,2021-10-17 00:50:00,53.85164807134504,loss,20.0
630,2021-10-16 06:10:00,2021-10-16 06:55:00,67.26812023536856,loss,45.0
626,2021-10-11 15:05:00,2021-10-11 15:20:00,52.20153254455275,loss,15.0
515,2021-08-16 23:20:00,2021-08-16 23:35:00,52.20153254455275,loss,15.0
622,2021-10-10 14:50:00,2021-10-10 15:45:00,74.33034373659252,loss,55.0
620,2021-10-07 19:10:00,2021-10-07 19:20:00,50.99019513592785,loss,10.0
618,2021-10-07 02:25:00,2021-10-07 02:55:00,58.309518948453004,loss,30.0
615,2021-10-06 04:05:00,2021-10-06 04:25:00,53.85164807134504,loss,20.0
611,2021-10-05 03:00:00,2021-10-05 04:55:00,125.39936203984452,loss,115.0
608,2021-10-03 08:10:00,2021-10-03 09:05:00,74.33034373659252,loss,55.0
606,2021-10-02 09:25:00,2021-10-02 10:35:00,86.02325267042627,loss,70.0
602,2021-09-29 22:15:00,2021-09-29 22:45:00,58.309518948453004,loss,30.0
601,2021-09-29 12:10:00,2021-09-29 12:30:00,53.85164807134504,loss,20.0
599,2021-09-28 10:10:00,2021-09-28 10:25:00,52.20153254455275,loss,15.0
593,2021-09-23 22:55:00,2021-09-23 23:05:00,50.99019513592785,loss,10.0
592,2021-09-23 04:40:00,2021-09-23 04:50:00,50.99019513592785,loss,10.0
591,2021-09-22 23:50:00,2021-09-23 00:10:00,53.85164807134504,loss,20.0
590,2021-09-22 09:35:00,2021-09-22 10:30:00,74.33034373659252,loss,55.0
621,2021-10-08 03:10:00,2021-10-08 05:50:00,167.6305461424021,loss,160.0
254,2021-04-22 00:00:00,2021-04-22 00:05:00,50.24937810560445,loss,5.0
784,2021-12-31 23:00:00,2021-12-31 23:35:00,61.032778078668514,loss,35.0
51,2021-01-19 09:45:00,2021-01-19 09:55:00,50.99019513592785,loss,10.0
106,2021-02-12 22:55:00,2021-02-12 23:10:00,52.20153254455275,loss,15.0
52,2021-01-19 14:50:00,2021-01-19 15:10:00,53.85164807134504,loss,20.0
172,2021-03-10 01:20:00,2021-03-10 01:30:00,50.99019513592785,loss,10.0
171,2021-03-09 21:30:00,2021-03-09 21:50:00,53.85164807134504,loss,20.0
170,2021-03-09 14:00:00,2021-03-09 14:05:00,50.24937810560445,loss,5.0
55,2021-01-21 09:30:00,2021-01-21 09:35:00,50.24937810560445,loss,5.0
167,2021-03-08 18:20:00,2021-03-08 18:40:00,53.85164807134504,loss,20.0
166,2021-03-08 11:25:00,2021-03-08 11:35:00,50.99019513592785,loss,10.0
57,2021-01-21 20:45:00,2021-01-21 20:55:00,50.99019513592785,loss,10.0
58,2021-01-22 04:45:00,2021-01-22 04:50:00,50.24937810560445,loss,5.0
59,2021-01-22 16:30:00,2021-01-22 16:35:00,50.24937810560445,loss,5.0
60,2021-01-22 20:00:00,2021-01-22 20:05:00,50.24937810560445,loss,5.0
162,2021-03-07 06:00:00,2021-03-07 06:20:00,53.85164807134504,loss,20.0
161,2021-03-06 19:05:00,2021-03-06 19:35:00,58.309518948453004,loss,30.0
64,2021-01-24 14:05:00,2021-01-24 14:35:00,58.309518948453004,loss,30.0
160,2021-03-06 12:20:00,2021-03-06 12:45:00,55.90169943749474,loss,25.0
65,2021-01-24 18:30:00,2021-01-24 18:50:00,53.85164807134504,loss,20.0
159,2021-03-06 08:10:00,2021-03-06 08:45:00,61.032778078668514,loss,35.0
69,2021-01-26 15:20:00,2021-01-26 15:30:00,50.99019513592785,loss,10.0
175,2021-03-12 14:50:00,2021-03-12 15:00:00,50.99019513592785,loss,10.0
71,2021-01-27 12:15:00,2021-01-27 12:20:00,50.24937810560445,loss,5.0
176,2021-03-12 18:20:00,2021-03-12 18:40:00,53.85164807134504,loss,20.0
178,2021-03-13 05:55:00,2021-03-13 06:50:00,74.33034373659252,loss,55.0
34,2021-01-13 15:40:00,2021-01-13 15:50:00,50.99019513592785,loss,10.0
197,2021-03-22 01:05:00,2021-03-22 01:10:00,50.24937810560445,loss,5.0
36,2021-01-14 05:00:00,2021-01-14 05:15:00,52.20153254455275,loss,15.0
37,2021-01-14 10:15:00,2021-01-14 10:35:00,53.85164807134504,loss,20.0
193,2021-03-20 07:50:00,2021-03-20 08:05:00,52.20153254455275,loss,15.0
190,2021-03-18 18:40:00,2021-03-18 18:45:00,50.24937810560445,loss,5.0
189,2021-03-18 10:10:00,2021-03-18 10:25:00,52.20153254455275,loss,15.0
188,2021-03-18 02:05:00,2021-03-18 02:50:00,67.26812023536856,loss,45.0
187,2021-03-17 13:00:00,2021-03-17 13:25:00,55.90169943749474,loss,25.0
186,2021-03-17 03:40:00,2021-03-17 03:45:00,50.24937810560445,loss,5.0
41,2021-01-15 17:50:00,2021-01-15 18:00:00,50.99019513592785,loss,10.0
42,2021-01-16 03:50:00,2021-01-16 03:55:00,50.24937810560445,loss,5.0
43,2021-01-16 08:00:00,2021-01-16 08:10:00,50.99019513592785,loss,10.0
44,2021-01-17 02:55:00,2021-01-17 03:00:00,50.24937810560445,loss,5.0
182,2021-03-14 13:55:00,2021-03-14 14:10:00,52.20153254455275,loss,15.0
47,2021-01-17 17:45:00,2021-01-17 17:55:00,50.99019513592785,loss,10.0
48,2021-01-17 23:30:00,2021-01-17 23:45:00,52.20153254455275,loss,15.0
49,2021-01-18 06:40:00,2021-01-18 06:55:00,52.20153254455275,loss,15.0
179,2021-03-13 15:25:00,2021-03-13 15:40:00,52.20153254455275,loss,15.0
177,2021-03-12 23:45:00,2021-03-12 23:50:00,50.24937810560445,loss,5.0
157,2021-03-05 05:25:00,2021-03-05 05:40:00,52.20153254455275,loss,15.0
72,2021-01-28 03:35:00,2021-01-28 03:45:00,50.99019513592785,loss,10.0
74,2021-01-28 15:25:00,2021-01-28 15:40:00,52.20153254455275,loss,15.0
95,2021-02-06 08:20:00,2021-02-06 08:35:00,52.20153254455275,loss,15.0
96,2021-02-06 19:20:00,2021-02-06 19:35:00,52.20153254455275,loss,15.0
97,2021-02-07 08:50:00,2021-02-07 09:20:00,58.309518948453004,loss,30.0
124,2021-02-21 16:00:00,2021-02-21 16:10:00,50.99019513592785,loss,10.0
123,2021-02-21 11:55:00,2021-02-21 12:05:00,50.99019513592785,loss,10.0
250,2021-04-20 04:35:00,2021-04-20 04:50:00,52.20153254455275,loss,15.0
122,2021-02-20 12:45:00,2021-02-20 12:50:00,50.24937810560445,loss,5.0
120,2021-02-19 10:35:00,2021-02-19 11:00:00,55.90169943749474,loss,25.0
119,2021-02-18 18:20:00,2021-02-18 19:25:00,82.00609733428362,loss,65.0
117,2021-02-17 11:25:00,2021-02-17 11:35:00,50.99019513592785,loss,10.0
116,2021-02-17 07:25:00,2021-02-17 07:30:00,50.24937810560445,loss,5.0
115,2021-02-17 04:05:00,2021-02-17 04:15:00,50.99019513592785,loss,10.0
114,2021-02-16 19:10:00,2021-02-16 19:25:00,52.20153254455275,loss,15.0
101,2021-02-09 03:55:00,2021-02-09 04:05:00,50.99019513592785,loss,10.0
113,2021-02-16 04:00:00,2021-02-16 04:05:00,50.24937810560445,loss,5.0
112,2021-02-15 19:20:00,2021-02-15 21:20:00,130.0,loss,120.0
110,2021-02-14 17:25:00,2021-02-14 17:55:00,58.309518948453004,loss,30.0
109,2021-02-14 09:50:00,2021-02-14 11:00:00,86.02325267042627,loss,70.0
105,2021-02-12 06:30:00,2021-02-12 07:10:00,64.03124237432849,loss,40.0
92,2021-02-05 06:05:00,2021-02-05 06:10:00,50.24937810560445,loss,5.0
131,2021-02-23 16:05:00,2021-02-23 16:10:00,50.24937810560445,loss,5.0
91,2021-02-04 12:40:00,2021-02-04 13:05:00,55.90169943749474,loss,25.0
90,2021-02-04 03:00:00,2021-02-04 03:15:00,52.20153254455275,loss,15.0
156,2021-03-04 21:05:00,2021-03-04 21:10:00,50.24937810560445,loss,5.0
75,2021-01-28 22:15:00,2021-01-28 22:25:00,50.99019513592785,loss,10.0
155,2021-03-04 17:15:00,2021-03-04 17:20:00,50.24937810560445,loss,5.0
77,2021-01-29 12:35:00,2021-01-29 12:40:00,50.24937810560445,loss,5.0
78,2021-01-30 12:30:00,2021-01-30 12:40:00,50.99019513592785,loss,10.0
79,2021-01-31 06:20:00,2021-01-31 06:35:00,52.20153254455275,loss,15.0
151,2021-03-03 11:25:00,2021-03-03 11:30:00,50.24937810560445,loss,5.0
148,2021-03-02 09:25:00,2021-03-02 10:25:00,78.10249675906654,loss,60.0
147,2021-03-01 19:10:00,2021-03-01 19:20:00,50.99019513592785,loss,10.0
198,2021-03-22 15:20:00,2021-03-22 16:20:00,78.10249675906654,loss,60.0
83,2021-01-31 22:00:00,2021-01-31 22:05:00,50.24937810560445,loss,5.0
143,2021-02-28 14:10:00,2021-02-28 14:15:00,50.24937810560445,loss,5.0
141,2021-02-27 19:05:00,2021-02-27 19:15:00,50.99019513592785,loss,10.0
85,2021-02-01 18:45:00,2021-02-01 18:55:00,50.99019513592785,loss,10.0
86,2021-02-02 14:00:00,2021-02-02 14:20:00,53.85164807134504,loss,20.0
137,2021-02-25 16:20:00,2021-02-25 16:30:00,50.99019513592785,loss,10.0
88,2021-02-03 16:55:00,2021-02-03 17:10:00,52.20153254455275,loss,15.0
135,2021-02-24 17:30:00,2021-02-24 18:00:00,58.309518948453004,loss,30.0
89,2021-02-03 23:40:00,2021-02-03 23:50:00,50.99019513592785,loss,10.0
133,2021-02-24 06:25:00,2021-02-24 06:30:00,50.24937810560445,loss,5.0
144,2021-03-01 02:25:00,2021-03-01 02:55:00,58.309518948453004,loss,30.0
199,2021-03-23 00:55:00,2021-03-23 01:20:00,55.90169943749474,loss,25.0
107,2021-02-13 14:25:00,2021-02-13 14:35:00,50.99019513592785,loss,10.0
240,2021-04-13 22:05:00,2021-04-13 22:10:00,50.24937810560445,loss,5.0
5,2021-01-04 23:20:00,2021-01-04 23:25:00,50.24937810560445,loss,5.0
212,2021-03-28 13:55:00,2021-03-28 15:25:00,102.95630140987001,loss,90.0
244,2021-04-15 15:05:00,2021-04-15 15:20:00,52.20153254455275,loss,15.0
243,2021-04-14 12:45:00,2021-04-14 12:55:00,50.99019513592785,loss,10.0
214,2021-03-29 15:00:00,2021-03-29 15:15:00,52.20153254455275,loss,15.0
25,2021-01-11 05:50:00,2021-01-11 05:55:00,50.24937810560445,loss,5.0
23,2021-01-10 17:40:00,2021-01-10 17:45:00,50.24937810560445,loss,5.0
229,2021-04-10 05:30:00,2021-04-10 05:35:00,50.24937810560445,loss,5.0
22,2021-01-10 09:15:00,2021-01-10 09:45:00,58.309518948453004,loss,30.0
21,2021-01-09 21:50:00,2021-01-09 22:15:00,55.90169943749474,loss,25.0
7,2021-01-05 21:35:00,2021-01-05 21:50:00,52.20153254455275,loss,15.0
237,2021-04-12 20:10:00,2021-04-12 20:25:00,52.20153254455275,loss,15.0
219,2021-04-01 04:20:00,2021-04-01 04:55:00,61.032778078668514,loss,35.0
20,2021-01-09 13:50:00,2021-01-09 13:55:00,50.24937810560445,loss,5.0
220,2021-04-02 08:05:00,2021-04-02 09:15:00,86.02325267042627,loss,70.0
235,2021-04-12 01:15:00,2021-04-12 02:40:00,98.6154146165801,loss,85.0
222,2021-04-04 06:10:00,2021-04-04 08:00:00,120.83045973594572,loss,110.0
9,2021-01-06 06:25:00,2021-01-06 06:35:00,50.99019513592785,loss,10.0
223,2021-04-05 18:00:00,2021-04-05 21:20:00,206.15528128088303,loss,200.0
10,2021-01-06 18:15:00,2021-01-06 18:20:00,50.24937810560445,loss,5.0
224,2021-04-06 07:15:00,2021-04-06 07:50:00,61.032778078668514,loss,35.0
11,2021-01-06 22:30:00,2021-01-06 22:35:00,50.24937810560445,loss,5.0
233,2021-04-11 07:55:00,2021-04-11 08:10:00,52.20153254455275,loss,15.0
17,2021-01-08 12:00:00,2021-01-08 12:05:00,50.24937810560445,loss,5.0
232,2021-04-11 03:05:00,2021-04-11 03:15:00,50.99019513592785,loss,10.0
15,2021-01-07 22:15:00,2021-01-07 22:20:00,50.24937810560445,loss,5.0
231,2021-04-11 01:10:00,2021-04-11 01:25:00,52.20153254455275,loss,15.0
210,2021-03-27 18:20:00,2021-03-27 18:30:00,50.99019513592785,loss,10.0
245,2021-04-16 13:00:00,2021-04-16 13:15:00,52.20153254455275,loss,15.0
13,2021-01-07 07:15:00,2021-01-07 07:20:00,50.24937810560445,loss,5.0
3,2021-01-04 06:00:00,2021-01-04 06:05:00,50.24937810560445,loss,5.0
203,2021-03-25 00:05:00,2021-03-25 00:15:00,50.99019513592785,loss,10.0
29,2021-01-12 03:05:00,2021-01-12 03:10:00,50.24937810560445,loss,5.0
4,2021-01-04 19:15:00,2021-01-04 19:25:00,50.99019513592785,loss,10.0
30,2021-01-12 09:35:00,2021-01-12 09:50:00,52.20153254455275,loss,15.0
31,2021-01-12 20:00:00,2021-01-12 20:05:00,50.24937810560445,loss,5.0
28,2021-01-11 17:15:00,2021-01-11 17:20:00,50.24937810560445,loss,5.0
2,2021-01-03 09:25:00,2021-01-03 09:30:00,50.24937810560445,loss,5.0
600,2021-09-28 16:30:00,2021-09-28 16:45:00,52.20153254455275,profit,15.0
780,2021-12-29 23:15:00,2021-12-29 23:25:00,50.99019513592785,profit,10.0
87,2021-02-02 21:05:00,2021-02-02 21:40:00,61.032778078668514,profit,35.0
560,2021-09-05 17:30:00,2021-09-05 19:15:00,116.29703349613007,profit,105.0
756,2021-12-17 07:00:00,2021-12-17 07:05:00,50.24937810560445,profit,5.0
759,2021-12-18 06:15:00,2021-12-18 07:00:00,67.26812023536856,profit,45.0
598,2021-09-27 20:50:00,2021-09-27 21:00:00,50.99019513592785,profit,10.0
103,2021-02-10 19:10:00,2021-02-10 19:15:00,50.24937810560445,profit,5.0
603,2021-09-30 11:15:00,2021-09-30 12:10:00,74.33034373659252,profit,55.0
597,2021-09-26 22:00:00,2021-09-26 22:10:00,50.99019513592785,profit,10.0
604,2021-09-30 21:40:00,2021-09-30 21:55:00,52.20153254455275,profit,15.0
596,2021-09-26 15:30:00,2021-09-26 16:05:00,61.032778078668514,profit,35.0
605,2021-10-01 17:00:00,2021-10-01 18:30:00,102.95630140987001,profit,90.0
558,2021-09-04 21:35:00,2021-09-04 22:40:00,82.00609733428362,profit,65.0
571,2021-09-10 22:55:00,2021-09-10 23:05:00,50.99019513592785,profit,10.0
84,2021-02-01 11:50:00,2021-02-01 12:00:00,50.99019513592785,profit,10.0
607,2021-10-02 16:30:00,2021-10-02 16:35:00,50.24937810560445,profit,5.0
754,2021-12-16 11:25:00,2021-12-16 11:45:00,53.85164807134504,profit,20.0
619,2021-10-07 08:15:00,2021-10-07 09:10:00,74.33034373659252,profit,55.0
12,2021-01-07 02:55:00,2021-01-07 03:10:00,52.20153254455275,profit,15.0
80,2021-01-31 11:15:00,2021-01-31 11:50:00,61.032778078668514,profit,35.0
617,2021-10-06 17:50:00,2021-10-06 18:30:00,64.03124237432849,profit,40.0
616,2021-10-06 11:55:00,2021-10-06 12:15:00,53.85164807134504,profit,20.0
104,2021-02-11 18:15:00,2021-02-11 18:30:00,52.20153254455275,profit,15.0
561,2021-09-06 05:00:00,2021-09-06 06:55:00,125.39936203984452,profit,115.0
81,2021-01-31 15:15:00,2021-01-31 15:20:00,50.24937810560445,profit,5.0
614,2021-10-05 20:40:00,2021-10-05 21:25:00,67.26812023536856,profit,45.0
613,2021-10-05 13:20:00,2021-10-05 13:55:00,61.032778078668514,profit,35.0
612,2021-10-05 07:30:00,2021-10-05 08:40:00,86.02325267042627,profit,70.0
82,2021-01-31 20:05:00,2021-01-31 20:10:00,50.24937810560445,profit,5.0
610,2021-10-04 10:55:00,2021-10-04 11:30:00,61.032778078668514,profit,35.0
609,2021-10-04 06:00:00,2021-10-04 06:20:00,53.85164807134504,profit,20.0
557,2021-09-04 13:25:00,2021-09-04 14:05:00,64.03124237432849,profit,40.0
556,2021-09-04 09:05:00,2021-09-04 09:45:00,64.03124237432849,profit,40.0
562,2021-09-06 13:00:00,2021-09-06 14:10:00,86.02325267042627,profit,70.0
594,2021-09-25 08:20:00,2021-09-25 08:35:00,52.20153254455275,profit,15.0
775,2021-12-27 17:15:00,2021-12-27 17:25:00,50.99019513592785,profit,10.0
98,2021-02-08 03:50:00,2021-02-08 03:55:00,50.24937810560445,profit,5.0
577,2021-09-14 20:40:00,2021-09-14 20:45:00,50.24937810560445,profit,5.0
576,2021-09-14 12:35:00,2021-09-14 12:40:00,50.24937810560445,profit,5.0
566,2021-09-08 06:40:00,2021-09-08 06:45:00,50.24937810560445,profit,5.0
770,2021-12-25 19:25:00,2021-12-25 22:25:00,186.81541692269406,profit,180.0
771,2021-12-26 08:30:00,2021-12-26 08:50:00,53.85164807134504,profit,20.0
6,2021-01-05 19:15:00,2021-01-05 19:25:00,50.99019513592785,profit,10.0
579,2021-09-15 11:50:00,2021-09-15 13:35:00,116.29703349613007,profit,105.0
575,2021-09-14 03:40:00,2021-09-14 06:45:00,191.637678967368,profit,185.0
574,2021-09-13 21:25:00,2021-09-13 23:25:00,130.0,profit,120.0
100,2021-02-08 21:20:00,2021-02-08 21:25:00,50.24937810560445,profit,5.0
776,2021-12-28 02:10:00,2021-12-28 02:25:00,52.20153254455275,profit,15.0
573,2021-09-13 07:15:00,2021-09-13 07:20:00,50.24937810560445,profit,5.0
569,2021-09-10 00:30:00,2021-09-10 00:50:00,53.85164807134504,profit,20.0
570,2021-09-10 14:25:00,2021-09-10 14:30:00,50.24937810560445,profit,5.0
99,2021-02-08 14:50:00,2021-02-08 14:55:00,50.24937810560445,profit,5.0
773,2021-12-26 22:25:00,2021-12-26 22:40:00,52.20153254455275,profit,15.0
595,2021-09-26 08:15:00,2021-09-26 08:25:00,50.99019513592785,profit,10.0
580,2021-09-15 19:40:00,2021-09-15 23:00:00,206.15528128088303,profit,200.0
769,2021-12-25 14:45:00,2021-12-25 16:25:00,111.80339887498948,profit,100.0
761,2021-12-20 08:35:00,2021-12-20 08:50:00,52.20153254455275,profit,15.0
762,2021-12-21 03:50:00,2021-12-21 03:55:00,50.24937810560445,profit,5.0
8,2021-01-06 02:35:00,2021-01-06 02:50:00,52.20153254455275,profit,15.0
779,2021-12-29 11:10:00,2021-12-29 12:10:00,78.10249675906654,profit,60.0
563,2021-09-06 18:10:00,2021-09-06 19:10:00,78.10249675906654,profit,60.0
764,2021-12-22 08:25:00,2021-12-22 08:35:00,50.99019513592785,profit,10.0
765,2021-12-23 05:35:00,2021-12-23 07:50:00,143.96180048887967,profit,135.0
581,2021-09-17 17:20:00,2021-09-17 17:55:00,61.032778078668514,profit,35.0
766,2021-12-23 17:10:00,2021-12-23 17:35:00,55.90169943749474,profit,25.0
93,2021-02-05 11:25:00,2021-02-05 12:20:00,74.33034373659252,profit,55.0
587,2021-09-21 03:20:00,2021-09-21 03:55:00,61.032778078668514,profit,35.0
565,2021-09-07 19:55:00,2021-09-07 20:00:00,50.24937810560445,profit,5.0
94,2021-02-05 19:35:00,2021-02-05 20:15:00,64.03124237432849,profit,40.0
778,2021-12-28 18:55:00,2021-12-28 19:05:00,50.99019513592785,profit,10.0
584,2021-09-20 00:20:00,2021-09-20 00:25:00,50.24937810560445,profit,5.0
768,2021-12-25 10:20:00,2021-12-25 10:55:00,61.032778078668514,profit,35.0
102,2021-02-09 13:50:00,2021-02-09 13:55:00,50.24937810560445,profit,5.0
32,2021-01-13 05:20:00,2021-01-13 05:25:00,50.24937810560445,profit,5.0
16,2021-01-08 09:10:00,2021-01-08 09:15:00,50.24937810560445,profit,5.0
624,2021-10-11 07:00:00,2021-10-11 07:05:00,50.24937810560445,profit,5.0
27,2021-01-11 13:35:00,2021-01-11 13:40:00,50.24937810560445,profit,5.0
722,2021-12-01 07:40:00,2021-12-01 08:15:00,61.032778078668514,profit,35.0
685,2021-11-13 23:50:00,2021-11-14 00:20:00,58.309518948453004,profit,30.0
26,2021-01-11 11:55:00,2021-01-11 12:00:00,50.24937810560445,profit,5.0
682,2021-11-12 14:30:00,2021-11-12 15:05:00,61.032778078668514,profit,35.0
681,2021-11-12 11:45:00,2021-11-12 12:05:00,53.85164807134504,profit,20.0
45,2021-01-17 05:35:00,2021-01-17 05:40:00,50.24937810560445,profit,5.0
679,2021-11-11 23:20:00,2021-11-11 23:45:00,55.90169943749474,profit,25.0
724,2021-12-03 01:30:00,2021-12-03 02:40:00,86.02325267042627,profit,70.0
678,2021-11-11 14:10:00,2021-11-11 14:15:00,50.24937810560445,profit,5.0
46,2021-01-17 09:40:00,2021-01-17 09:55:00,52.20153254455275,profit,15.0
725,2021-12-03 20:10:00,2021-12-03 20:15:00,50.24937810560445,profit,5.0
24,2021-01-10 23:20:00,2021-01-10 23:25:00,50.24937810560445,profit,5.0
728,2021-12-04 22:30:00,2021-12-04 22:35:00,50.24937810560445,profit,5.0
729,2021-12-05 05:55:00,2021-12-05 07:00:00,82.00609733428362,profit,65.0
50,2021-01-18 23:30:00,2021-01-18 23:35:00,50.24937810560445,profit,5.0
672,2021-11-08 04:00:00,2021-11-08 05:20:00,94.33981132056604,profit,80.0
730,2021-12-06 00:55:00,2021-12-06 01:10:00,52.20153254455275,profit,15.0
671,2021-11-07 23:50:00,2021-11-07 23:55:00,50.24937810560445,profit,5.0
720,2021-11-30 15:25:00,2021-11-30 15:30:00,50.24937810560445,profit,5.0
719,2021-11-30 09:15:00,2021-11-30 09:30:00,52.20153254455275,profit,15.0
718,2021-11-29 20:20:00,2021-11-29 20:45:00,55.90169943749474,profit,25.0
717,2021-11-29 17:10:00,2021-11-29 17:15:00,50.24937810560445,profit,5.0
33,2021-01-13 10:55:00,2021-01-13 11:00:00,50.24937810560445,profit,5.0
707,2021-11-23 19:40:00,2021-11-23 20:00:00,53.85164807134504,profit,20.0
712,2021-11-26 06:55:00,2021-11-26 07:40:00,67.26812023536856,profit,45.0
706,2021-11-23 11:20:00,2021-11-23 11:50:00,58.309518948453004,profit,30.0
713,2021-11-26 15:15:00,2021-11-26 15:20:00,50.24937810560445,profit,5.0
704,2021-11-22 17:55:00,2021-11-22 18:35:00,64.03124237432849,profit,40.0
703,2021-11-22 12:50:00,2021-11-22 13:15:00,55.90169943749474,profit,25.0
702,2021-11-21 15:30:00,2021-11-21 16:10:00,64.03124237432849,profit,40.0
701,2021-11-19 22:10:00,2021-11-20 00:00:00,120.83045973594572,profit,110.0
670,2021-11-07 17:45:00,2021-11-07 18:00:00,52.20153254455275,profit,15.0
700,2021-11-19 03:20:00,2021-11-19 03:45:00,55.90169943749474,profit,25.0
698,2021-11-18 16:25:00,2021-11-18 16:30:00,50.24937810560445,profit,5.0
35,2021-01-13 19:35:00,2021-01-13 19:40:00,50.24937810560445,profit,5.0
695,2021-11-17 04:10:00,2021-11-17 04:20:00,50.99019513592785,profit,10.0
693,2021-11-16 18:50:00,2021-11-16 19:05:00,52.20153254455275,profit,15.0
38,2021-01-14 15:10:00,2021-01-14 15:30:00,53.85164807134504,profit,20.0
691,2021-11-16 05:50:00,2021-11-16 06:00:00,50.99019513592785,profit,10.0
39,2021-01-15 09:00:00,2021-01-15 09:05:00,50.24937810560445,profit,5.0
40,2021-01-15 14:10:00,2021-01-15 14:25:00,52.20153254455275,profit,15.0
688,2021-11-14 23:40:00,2021-11-14 23:50:00,50.99019513592785,profit,10.0
699,2021-11-19 01:10:00,2021-11-19 01:25:00,52.20153254455275,profit,15.0
669,2021-11-07 00:55:00,2021-11-07 01:00:00,50.24937810560445,profit,5.0
668,2021-11-06 11:40:00,2021-11-06 12:10:00,58.309518948453004,profit,30.0
732,2021-12-06 21:20:00,2021-12-06 21:30:00,50.99019513592785,profit,10.0
66,2021-01-25 13:45:00,2021-01-25 13:50:00,50.24937810560445,profit,5.0
641,2021-10-22 17:35:00,2021-10-22 17:50:00,52.20153254455275,profit,15.0
67,2021-01-26 03:10:00,2021-01-26 03:20:00,50.99019513592785,profit,10.0
639,2021-10-20 13:55:00,2021-10-20 14:05:00,50.99019513592785,profit,10.0
18,2021-01-08 16:25:00,2021-01-08 16:30:00,50.24937810560445,profit,5.0
68,2021-01-26 06:45:00,2021-01-26 06:50:00,50.24937810560445,profit,5.0
745,2021-12-12 06:55:00,2021-12-12 07:30:00,61.032778078668514,profit,35.0
70,2021-01-26 22:30:00,2021-01-26 22:50:00,53.85164807134504,profit,20.0
635,2021-10-18 07:10:00,2021-10-18 07:40:00,58.309518948453004,profit,30.0
19,2021-01-09 05:50:00,2021-01-09 05:55:00,50.24937810560445,profit,5.0
746,2021-12-12 16:55:00,2021-12-12 17:05:00,50.99019513592785,profit,10.0
73,2021-01-28 10:50:00,2021-01-28 10:55:00,50.24937810560445,profit,5.0
749,2021-12-13 19:20:00,2021-12-13 19:30:00,50.99019513592785,profit,10.0
710,2021-11-25 14:00:00,2021-11-25 15:00:00,78.10249675906654,profit,60.0
629,2021-10-15 23:55:00,2021-10-16 00:00:00,50.24937810560445,profit,5.0
14,2021-01-07 15:35:00,2021-01-07 15:45:00,50.99019513592785,profit,10.0
628,2021-10-15 04:20:00,2021-10-15 04:30:00,50.99019513592785,profit,10.0
627,2021-10-14 04:55:00,2021-10-14 05:05:00,50.99019513592785,profit,10.0
76,2021-01-29 02:00:00,2021-01-29 02:25:00,55.90169943749474,profit,25.0
625,2021-10-11 12:55:00,2021-10-11 13:20:00,55.90169943749474,profit,25.0
747,2021-12-13 10:10:00,2021-12-13 10:40:00,58.309518948453004,profit,30.0
623,2021-10-11 02:50:00,2021-10-11 03:00:00,50.99019513592785,profit,10.0
742,2021-12-10 18:45:00,2021-12-10 19:00:00,52.20153254455275,profit,15.0
646,2021-10-25 11:00:00,2021-10-25 11:25:00,55.90169943749474,profit,25.0
665,2021-11-04 11:20:00,2021-11-04 11:35:00,52.20153254455275,profit,15.0
735,2021-12-08 07:35:00,2021-12-08 09:35:00,130.0,profit,120.0
736,2021-12-09 06:25:00,2021-12-09 06:40:00,52.20153254455275,profit,15.0
53,2021-01-20 02:05:00,2021-01-20 02:20:00,52.20153254455275,profit,15.0
663,2021-11-02 15:20:00,2021-11-02 15:40:00,53.85164807134504,profit,20.0
54,2021-01-20 15:50:00,2021-01-20 15:55:00,50.24937810560445,profit,5.0
661,2021-11-01 23:20:00,2021-11-02 00:10:00,70.71067811865476,profit,50.0
738,2021-12-09 14:25:00,2021-12-09 14:35:00,50.99019513592785,profit,10.0
56,2021-01-21 14:10:00,2021-01-21 14:15:00,50.24937810560445,profit,5.0
645,2021-10-24 22:55:00,2021-10-25 00:10:00,90.13878188659973,profit,75.0
658,2021-10-31 06:10:00,2021-10-31 08:20:00,139.2838827718412,profit,130.0
656,2021-10-30 14:20:00,2021-10-30 14:25:00,50.24937810560445,profit,5.0
654,2021-10-29 02:45:00,2021-10-29 03:30:00,67.26812023536856,profit,45.0
653,2021-10-28 13:15:00,2021-10-28 13:30:00,52.20153254455275,profit,15.0
740,2021-12-09 20:05:00,2021-12-09 20:15:00,50.99019513592785,profit,10.0
741,2021-12-10 06:35:00,2021-12-10 07:00:00,55.90169943749474,profit,25.0
650,2021-10-27 05:25:00,2021-10-27 05:40:00,52.20153254455275,profit,15.0
61,2021-01-23 04:15:00,2021-01-23 04:20:00,50.24937810560445,profit,5.0
62,2021-01-23 11:55:00,2021-01-23 12:00:00,50.24937810560445,profit,5.0
63,2021-01-24 01:55:00,2021-01-24 02:05:00,50.99019513592785,profit,10.0
739,2021-12-09 17:20:00,2021-12-09 17:45:00,55.90169943749474,profit,25.0
251,2021-04-20 18:25:00,2021-04-20 18:55:00,58.309518948453004,profit,30.0
517,2021-08-17 17:05:00,2021-08-17 17:20:00,52.20153254455275,profit,15.0
550,2021-09-01 21:15:00,2021-09-01 22:05:00,70.71067811865476,profit,50.0
356,2021-06-04 05:35:00,2021-06-04 05:40:00,50.24937810560445,profit,5.0
355,2021-06-03 04:35:00,2021-06-03 05:05:00,58.309518948453004,profit,30.0
354,2021-06-02 14:30:00,2021-06-02 14:40:00,50.99019513592785,profit,10.0
196,2021-03-21 09:15:00,2021-03-21 09:35:00,53.85164807134504,profit,20.0
352,2021-06-01 15:35:00,2021-06-01 15:40:00,50.24937810560445,profit,5.0
350,2021-06-01 00:25:00,2021-06-01 00:40:00,52.20153254455275,profit,15.0
349,2021-05-31 14:55:00,2021-05-31 15:05:00,50.99019513592785,profit,10.0
347,2021-05-30 11:20:00,2021-05-30 11:40:00,53.85164807134504,profit,20.0
200,2021-03-23 04:25:00,2021-03-23 04:35:00,50.99019513592785,profit,10.0
201,2021-03-24 04:45:00,2021-03-24 05:00:00,52.20153254455275,profit,15.0
343,2021-05-28 21:25:00,2021-05-28 21:30:00,50.24937810560445,profit,5.0
202,2021-03-24 12:45:00,2021-03-24 13:35:00,70.71067811865476,profit,50.0
341,2021-05-28 11:25:00,2021-05-28 11:30:00,50.24937810560445,profit,5.0
340,2021-05-28 07:45:00,2021-05-28 07:50:00,50.24937810560445,profit,5.0
204,2021-03-25 13:10:00,2021-03-25 13:15:00,50.24937810560445,profit,5.0
205,2021-03-25 19:20:00,2021-03-25 19:25:00,50.24937810560445,profit,5.0
336,2021-05-27 01:10:00,2021-05-27 01:20:00,50.99019513592785,profit,10.0
206,2021-03-26 07:35:00,2021-03-26 07:45:00,50.99019513592785,profit,10.0
207,2021-03-26 13:55:00,2021-03-26 14:05:00,50.99019513592785,profit,10.0
208,2021-03-26 19:50:00,2021-03-26 20:05:00,52.20153254455275,profit,15.0
209,2021-03-27 03:55:00,2021-03-27 04:15:00,53.85164807134504,profit,20.0
331,2021-05-24 12:25:00,2021-05-24 12:30:00,50.24937810560445,profit,5.0
211,2021-03-28 04:05:00,2021-03-28 04:35:00,58.309518948453004,profit,30.0
327,2021-05-23 15:40:00,2021-05-23 15:45:00,50.24937810560445,profit,5.0
326,2021-05-23 12:25:00,2021-05-23 12:30:00,50.24937810560445,profit,5.0
195,2021-03-21 06:20:00,2021-03-21 06:25:00,50.24937810560445,profit,5.0
213,2021-03-29 03:00:00,2021-03-29 04:15:00,90.13878188659973,profit,75.0
358,2021-06-07 20:25:00,2021-06-07 20:50:00,55.90169943749474,profit,25.0
360,2021-06-08 05:25:00,2021-06-08 05:30:00,50.24937810560445,profit,5.0
396,2021-06-26 01:40:00,2021-06-26 01:50:00,50.99019513592785,profit,10.0
394,2021-06-25 15:05:00,2021-06-25 15:10:00,50.24937810560445,profit,5.0
393,2021-06-25 11:50:00,2021-06-25 12:05:00,52.20153254455275,profit,15.0
389,2021-06-24 15:05:00,2021-06-24 15:10:00,50.24937810560445,profit,5.0
180,2021-03-13 20:05:00,2021-03-13 20:15:00,50.99019513592785,profit,10.0
387,2021-06-23 19:45:00,2021-06-23 19:55:00,50.99019513592785,profit,10.0
386,2021-06-23 16:10:00,2021-06-23 16:15:00,50.24937810560445,profit,5.0
181,2021-03-14 02:50:00,2021-03-14 03:10:00,53.85164807134504,profit,20.0
183,2021-03-14 21:30:00,2021-03-14 22:10:00,64.03124237432849,profit,40.0
184,2021-03-15 12:00:00,2021-03-15 12:10:00,50.99019513592785,profit,10.0
185,2021-03-15 23:25:00,2021-03-15 23:45:00,53.85164807134504,profit,20.0
380,2021-06-20 09:55:00,2021-06-20 10:10:00,52.20153254455275,profit,15.0
379,2021-06-19 02:35:00,2021-06-19 02:45:00,50.99019513592785,profit,10.0
378,2021-06-18 18:40:00,2021-06-18 18:45:00,50.24937810560445,profit,5.0
377,2021-06-18 15:20:00,2021-06-18 15:30:00,50.99019513592785,profit,10.0
376,2021-06-18 09:20:00,2021-06-18 09:45:00,55.90169943749474,profit,25.0
375,2021-06-16 22:40:00,2021-06-16 23:05:00,55.90169943749474,profit,25.0
369,2021-06-13 15:05:00,2021-06-13 15:55:00,70.71067811865476,profit,50.0
191,2021-03-19 00:05:00,2021-03-19 00:10:00,50.24937810560445,profit,5.0
367,2021-06-12 05:45:00,2021-06-12 05:50:00,50.24937810560445,profit,5.0
192,2021-03-19 19:35:00,2021-03-19 20:15:00,64.03124237432849,profit,40.0
364,2021-06-09 23:25:00,2021-06-09 23:35:00,50.99019513592785,profit,10.0
363,2021-06-09 17:55:00,2021-06-09 18:05:00,50.99019513592785,profit,10.0
194,2021-03-20 15:00:00,2021-03-20 15:05:00,50.24937810560445,profit,5.0
361,2021-06-08 13:10:00,2021-06-08 13:30:00,53.85164807134504,profit,20.0
359,2021-06-08 02:35:00,2021-06-08 02:45:00,50.99019513592785,profit,10.0
398,2021-06-26 21:05:00,2021-06-26 21:10:00,50.24937810560445,profit,5.0
323,2021-05-21 04:25:00,2021-05-21 04:30:00,50.24937810560445,profit,5.0
215,2021-03-30 06:20:00,2021-03-30 06:50:00,58.309518948453004,profit,30.0
282,2021-05-04 03:45:00,2021-05-04 03:55:00,50.99019513592785,profit,10.0
281,2021-05-03 22:05:00,2021-05-03 22:25:00,53.85164807134504,profit,20.0
234,2021-04-11 12:15:00,2021-04-11 13:35:00,94.33981132056604,profit,80.0
278,2021-05-01 18:55:00,2021-05-01 19:30:00,61.032778078668514,profit,35.0
236,2021-04-12 06:00:00,2021-04-12 06:45:00,67.26812023536856,profit,45.0
276,2021-04-30 22:25:00,2021-04-30 22:30:00,50.24937810560445,profit,5.0
275,2021-04-30 13:25:00,2021-04-30 13:40:00,52.20153254455275,profit,15.0
238,2021-04-13 09:50:00,2021-04-13 09:55:00,50.24937810560445,profit,5.0
272,2021-04-29 14:40:00,2021-04-29 15:20:00,64.03124237432849,profit,40.0
239,2021-04-13 15:40:00,2021-04-13 15:45:00,50.24937810560445,profit,5.0
241,2021-04-13 23:35:00,2021-04-14 00:05:00,58.309518948453004,profit,30.0
268,2021-04-27 21:35:00,2021-04-27 21:50:00,52.20153254455275,profit,15.0
267,2021-04-27 10:10:00,2021-04-27 11:05:00,74.33034373659252,profit,55.0
242,2021-04-14 04:30:00,2021-04-14 04:45:00,52.20153254455275,profit,15.0
265,2021-04-26 10:50:00,2021-04-26 11:15:00,55.90169943749474,profit,25.0
264,2021-04-26 06:35:00,2021-04-26 07:00:00,55.90169943749474,profit,25.0
261,2021-04-24 14:55:00,2021-04-24 15:05:00,50.99019513592785,profit,10.0
259,2021-04-23 23:05:00,2021-04-23 23:45:00,64.03124237432849,profit,40.0
258,2021-04-23 19:30:00,2021-04-23 19:50:00,53.85164807134504,profit,20.0
246,2021-04-17 03:30:00,2021-04-17 03:45:00,52.20153254455275,profit,15.0
247,2021-04-17 14:40:00,2021-04-17 15:05:00,55.90169943749474,profit,25.0
248,2021-04-18 02:40:00,2021-04-18 02:45:00,50.24937810560445,profit,5.0
249,2021-04-19 06:15:00,2021-04-19 07:00:00,67.26812023536856,profit,45.0
253,2021-04-21 18:00:00,2021-04-21 18:25:00,55.90169943749474,profit,25.0
252,2021-04-21 07:30:00,2021-04-21 08:05:00,61.032778078668514,profit,35.0
283,2021-05-04 15:55:00,2021-05-04 16:00:00,50.24937810560445,profit,5.0
322,2021-05-20 17:05:00,2021-05-20 17:10:00,50.24937810560445,profit,5.0
284,2021-05-04 23:20:00,2021-05-04 23:25:00,50.24937810560445,profit,5.0
289,2021-05-06 07:30:00,2021-05-06 08:05:00,61.032778078668514,profit,35.0
216,2021-03-30 11:30:00,2021-03-30 12:00:00,58.309518948453004,profit,30.0
217,2021-03-30 16:50:00,2021-03-30 18:10:00,94.33981132056604,profit,80.0
318,2021-05-19 11:20:00,2021-05-19 11:25:00,50.24937810560445,profit,5.0
317,2021-05-18 18:05:00,2021-05-18 18:20:00,52.20153254455275,profit,15.0
316,2021-05-17 17:25:00,2021-05-17 17:30:00,50.24937810560445,profit,5.0
315,2021-05-17 15:50:00,2021-05-17 16:00:00,50.99019513592785,profit,10.0
218,2021-03-31 04:50:00,2021-03-31 06:25:00,107.35455276791944,profit,95.0
313,2021-05-16 09:20:00,2021-05-16 09:45:00,55.90169943749474,profit,25.0
311,2021-05-15 18:05:00,2021-05-15 18:10:00,50.24937810560445,profit,5.0
310,2021-05-15 06:15:00,2021-05-15 06:25:00,50.99019513592785,profit,10.0
309,2021-05-14 01:55:00,2021-05-14 02:10:00,52.20153254455275,profit,15.0
221,2021-04-03 07:00:00,2021-04-03 08:15:00,90.13878188659973,profit,75.0
306,2021-05-12 16:35:00,2021-05-12 16:40:00,50.24937810560445,profit,5.0
303,2021-05-11 17:20:00,2021-05-11 17:30:00,50.99019513592785,profit,10.0
301,2021-05-11 02:50:00,2021-05-11 02:55:00,50.24937810560445,profit,5.0
300,2021-05-10 23:25:00,2021-05-10 23:30:00,50.24937810560445,profit,5.0
299,2021-05-10 19:25:00,2021-05-10 19:40:00,52.20153254455275,profit,15.0
298,2021-05-10 01:00:00,2021-05-10 02:55:00,125.39936203984452,profit,115.0
297,2021-05-09 19:20:00,2021-05-09 19:30:00,50.99019513592785,profit,10.0
225,2021-04-07 12:05:00,2021-04-07 12:15:00,50.99019513592785,profit,10.0
226,2021-04-07 17:10:00,2021-04-07 17:25:00,52.20153254455275,profit,15.0
294,2021-05-08 14:25:00,2021-05-08 14:40:00,52.20153254455275,profit,15.0
293,2021-05-07 20:05:00,2021-05-07 20:10:00,50.24937810560445,profit,5.0
227,2021-04-08 18:20:00,2021-04-08 18:35:00,52.20153254455275,profit,15.0
228,2021-04-09 03:30:00,2021-04-09 05:05:00,107.35455276791944,profit,95.0
230,2021-04-10 10:15:00,2021-04-10 10:30:00,52.20153254455275,profit,15.0
551,2021-09-02 10:15:00,2021-09-02 10:35:00,53.85164807134504,profit,20.0
399,2021-06-27 06:55:00,2021-06-27 07:05:00,50.99019513592785,profit,10.0
174,2021-03-10 19:10:00,2021-03-10 19:15:00,50.24937810560445,profit,5.0
129,2021-02-23 08:45:00,2021-02-23 08:50:00,50.24937810560445,profit,5.0
130,2021-02-23 11:35:00,2021-02-23 11:40:00,50.24937810560445,profit,5.0
504,2021-08-12 10:35:00,2021-08-12 11:20:00,67.26812023536856,profit,45.0
503,2021-08-12 04:30:00,2021-08-12 05:10:00,64.03124237432849,profit,40.0
502,2021-08-11 07:55:00,2021-08-11 08:05:00,50.99019513592785,profit,10.0
501,2021-08-11 04:50:00,2021-08-11 05:50:00,78.10249675906654,profit,60.0
499,2021-08-09 18:05:00,2021-08-09 18:35:00,58.309518948453004,profit,30.0
132,2021-02-23 19:35:00,2021-02-23 19:40:00,50.24937810560445,profit,5.0
134,2021-02-24 12:15:00,2021-02-24 12:25:00,50.99019513592785,profit,10.0
136,2021-02-24 21:10:00,2021-02-24 21:15:00,50.24937810560445,profit,5.0
493,2021-08-07 09:20:00,2021-08-07 10:10:00,70.71067811865476,profit,50.0
492,2021-08-07 03:50:00,2021-08-07 04:15:00,55.90169943749474,profit,25.0
490,2021-08-06 12:50:00,2021-08-06 13:25:00,61.032778078668514,profit,35.0
489,2021-08-06 06:10:00,2021-08-06 06:15:00,50.24937810560445,profit,5.0
138,2021-02-25 20:00:00,2021-02-25 20:05:00,50.24937810560445,profit,5.0
487,2021-08-05 13:10:00,2021-08-05 13:15:00,50.24937810560445,profit,5.0
139,2021-02-26 01:50:00,2021-02-26 01:55:00,50.24937810560445,profit,5.0
140,2021-02-27 06:25:00,2021-02-27 06:40:00,52.20153254455275,profit,15.0
484,2021-08-04 16:00:00,2021-08-04 16:15:00,52.20153254455275,profit,15.0
482,2021-08-03 19:55:00,2021-08-03 20:00:00,50.24937810560445,profit,5.0
481,2021-08-03 08:05:00,2021-08-03 08:20:00,52.20153254455275,profit,15.0
142,2021-02-28 05:45:00,2021-02-28 05:50:00,50.24937810560445,profit,5.0
477,2021-08-02 00:55:00,2021-08-02 01:05:00,50.99019513592785,profit,10.0
476,2021-08-01 21:40:00,2021-08-01 21:45:00,50.24937810560445,profit,5.0
475,2021-08-01 14:15:00,2021-08-01 14:50:00,61.032778078668514,profit,35.0
128,2021-02-23 05:25:00,2021-02-23 05:30:00,50.24937810560445,profit,5.0
145,2021-03-01 04:50:00,2021-03-01 04:55:00,50.24937810560445,profit,5.0
508,2021-08-13 21:00:00,2021-08-13 21:15:00,52.20153254455275,profit,15.0
510,2021-08-14 07:15:00,2021-08-14 09:45:00,158.11388300841898,profit,150.0
549,2021-09-01 00:40:00,2021-09-01 00:55:00,52.20153254455275,profit,15.0
548,2021-08-31 20:45:00,2021-08-31 20:55:00,50.99019513592785,profit,10.0
547,2021-08-31 17:25:00,2021-08-31 17:40:00,52.20153254455275,profit,15.0
108,2021-02-14 05:15:00,2021-02-14 05:25:00,50.99019513592785,profit,10.0
545,2021-08-30 12:20:00,2021-08-30 13:15:00,74.33034373659252,profit,55.0
543,2021-08-29 00:30:00,2021-08-29 00:50:00,53.85164807134504,profit,20.0
111,2021-02-15 09:35:00,2021-02-15 09:40:00,50.24937810560445,profit,5.0
540,2021-08-27 16:40:00,2021-08-27 19:25:00,172.40939649566667,profit,165.0
538,2021-08-26 17:55:00,2021-08-26 18:20:00,55.90169943749474,profit,25.0
537,2021-08-26 14:30:00,2021-08-26 14:40:00,50.99019513592785,profit,10.0
536,2021-08-26 06:40:00,2021-08-26 07:05:00,55.90169943749474,profit,25.0
534,2021-08-25 09:35:00,2021-08-25 09:45:00,50.99019513592785,profit,10.0
533,2021-08-24 11:20:00,2021-08-24 12:00:00,64.03124237432849,profit,40.0
532,2021-08-24 01:05:00,2021-08-24 01:10:00,50.24937810560445,profit,5.0
530,2021-08-22 14:50:00,2021-08-22 15:00:00,50.99019513592785,profit,10.0
529,2021-08-21 20:45:00,2021-08-21 22:15:00,102.95630140987001,profit,90.0
528,2021-08-21 16:25:00,2021-08-21 16:30:00,50.24937810560445,profit,5.0
525,2021-08-20 19:05:00,2021-08-20 20:15:00,86.02325267042627,profit,70.0
118,2021-02-17 19:20:00,2021-02-17 19:35:00,52.20153254455275,profit,15.0
121,2021-02-19 19:55:00,2021-02-19 20:00:00,50.24937810560445,profit,5.0
518,2021-08-17 22:25:00,2021-08-17 22:30:00,50.24937810560445,profit,5.0
514,2021-08-16 19:25:00,2021-08-16 20:00:00,61.032778078668514,profit,35.0
125,2021-02-22 12:45:00,2021-02-22 12:50:00,50.24937810560445,profit,5.0
512,2021-08-15 14:40:00,2021-08-15 14:50:00,50.99019513592785,profit,10.0
126,2021-02-22 17:55:00,2021-02-22 18:00:00,50.24937810560445,profit,5.0
127,2021-02-23 01:25:00,2021-02-23 01:30:00,50.24937810560445,profit,5.0
400,2021-06-27 15:50:00,2021-06-27 16:05:00,52.20153254455275,profit,15.0
473,2021-07-31 15:10:00,2021-07-31 15:50:00,64.03124237432849,profit,40.0
471,2021-07-29 12:35:00,2021-07-29 13:10:00,61.032778078668514,profit,35.0
434,2021-07-13 04:25:00,2021-07-13 05:15:00,70.71067811865476,profit,50.0
433,2021-07-12 15:40:00,2021-07-12 16:05:00,55.90169943749474,profit,25.0
431,2021-07-11 03:10:00,2021-07-11 04:15:00,82.00609733428362,profit,65.0
430,2021-07-09 20:50:00,2021-07-09 21:40:00,70.71067811865476,profit,50.0
429,2021-07-08 20:40:00,2021-07-08 21:55:00,90.13878188659973,profit,75.0
428,2021-07-08 05:45:00,2021-07-08 06:00:00,52.20153254455275,profit,15.0
426,2021-07-07 16:25:00,2021-07-07 18:05:00,111.80339887498948,profit,100.0
424,2021-07-07 03:00:00,2021-07-07 03:35:00,61.032778078668514,profit,35.0
163,2021-03-07 11:30:00,2021-03-07 11:40:00,50.99019513592785,profit,10.0
422,2021-07-06 07:20:00,2021-07-06 08:00:00,64.03124237432849,profit,40.0
421,2021-07-06 01:55:00,2021-07-06 02:15:00,53.85164807134504,profit,20.0
164,2021-03-07 16:35:00,2021-03-07 16:50:00,52.20153254455275,profit,15.0
419,2021-07-05 04:05:00,2021-07-05 04:15:00,50.99019513592785,profit,10.0
418,2021-07-04 19:15:00,2021-07-04 21:40:00,153.37861650177967,profit,145.0
417,2021-07-04 15:35:00,2021-07-04 16:20:00,67.26812023536856,profit,45.0
416,2021-07-04 03:40:00,2021-07-04 05:45:00,134.6291201783626,profit,125.0
415,2021-07-03 17:25:00,2021-07-03 17:45:00,53.85164807134504,profit,20.0
165,2021-03-08 00:15:00,2021-03-08 00:20:00,50.24937810560445,profit,5.0
168,2021-03-09 01:15:00,2021-03-09 01:25:00,50.99019513592785,profit,10.0
410,2021-07-01 16:00:00,2021-07-01 16:05:00,50.24937810560445,profit,5.0
409,2021-07-01 09:10:00,2021-07-01 09:25:00,52.20153254455275,profit,15.0
169,2021-03-09 09:00:00,2021-03-09 09:40:00,64.03124237432849,profit,40.0
407,2021-06-30 04:40:00,2021-06-30 04:45:00,50.24937810560445,profit,5.0
404,2021-06-29 10:20:00,2021-06-29 10:35:00,52.20153254455275,profit,15.0
173,2021-03-10 13:45:00,2021-03-10 13:55:00,50.99019513592785,profit,10.0
435,2021-07-13 18:35:00,2021-07-13 19:00:00,55.90169943749474,profit,25.0
472,2021-07-31 07:45:00,2021-07-31 08:10:00,55.90169943749474,profit,25.0
436,2021-07-14 00:55:00,2021-07-14 01:10:00,52.20153254455275,profit,15.0
439,2021-07-15 08:15:00,2021-07-15 08:35:00,53.85164807134504,profit,20.0
470,2021-07-28 19:00:00,2021-07-28 19:05:00,50.24937810560445,profit,5.0
146,2021-03-01 10:45:00,2021-03-01 11:10:00,55.90169943749474,profit,25.0
468,2021-07-28 10:00:00,2021-07-28 10:10:00,50.99019513592785,profit,10.0
466,2021-07-27 22:35:00,2021-07-27 22:40:00,50.24937810560445,profit,5.0
149,2021-03-03 04:05:00,2021-03-03 04:15:00,50.99019513592785,profit,10.0
150,2021-03-03 07:20:00,2021-03-03 08:10:00,70.71067811865476,profit,50.0
461,2021-07-26 18:20:00,2021-07-26 18:40:00,53.85164807134504,profit,20.0
152,2021-03-03 17:55:00,2021-03-03 18:10:00,52.20153254455275,profit,15.0
459,2021-07-26 01:35:00,2021-07-26 01:40:00,50.24937810560445,profit,5.0
458,2021-07-25 20:55:00,2021-07-25 21:25:00,58.309518948453004,profit,30.0
457,2021-07-25 02:10:00,2021-07-25 02:25:00,52.20153254455275,profit,15.0
456,2021-07-24 14:40:00,2021-07-24 15:20:00,64.03124237432849,profit,40.0
455,2021-07-24 05:40:00,2021-07-24 06:15:00,61.032778078668514,profit,35.0
153,2021-03-04 04:45:00,2021-03-04 04:50:00,50.24937810560445,profit,5.0
453,2021-07-23 04:35:00,2021-07-23 05:40:00,82.00609733428362,profit,65.0
154,2021-03-04 08:50:00,2021-03-04 08:55:00,50.24937810560445,profit,5.0
450,2021-07-21 18:00:00,2021-07-21 18:15:00,52.20153254455275,profit,15.0
449,2021-07-21 00:35:00,2021-07-21 01:20:00,67.26812023536856,profit,45.0
447,2021-07-20 08:35:00,2021-07-20 09:45:00,86.02325267042627,profit,70.0
446,2021-07-20 01:05:00,2021-07-20 01:15:00,50.99019513592785,profit,10.0
445,2021-07-19 15:55:00,2021-07-19 16:05:00,50.99019513592785,profit,10.0
443,2021-07-17 02:50:00,2021-07-17 02:55:00,50.24937810560445,profit,5.0
442,2021-07-16 11:20:00,2021-07-16 11:45:00,55.90169943749474,profit,25.0
158,2021-03-05 19:25:00,2021-03-05 19:30:00,50.24937810560445,profit,5.0
440,2021-07-15 15:40:00,2021-07-15 16:10:00,58.309518948453004,profit,30.0
437,2021-07-14 08:05:00,2021-07-14 08:55:00,70.71067811865476,profit,50.0
392,2021-06-25 09:40:00,2021-06-25 09:45:00,50.24937810560445,profit,5.0
